path	status	additions	deletions	changes
.env.example	added	52	0	52
.github/workflows/phase2-android-beta.yml	added	104	0	104
.github/workflows/phase2-foundation.yml	added	59	0	59
.github/workflows/royal-preview-qa.yml	modified	32	1	33
.gitignore	added	23	0	23
app/frontend-finish.js	modified	1	0	1
app/index.html	modified	8	2	10
app/official-auth-screen.css	added	76	0	76
app/official-auth-screen.js	added	156	0	156
app/phase2-auth.js	added	445	0	445
app/phase2-catalog-data.js	added	46	0	46
app/phase2-catalog-ui.js	added	163	0	163
app/phase2-live-mode.css	added	26	0	26
app/phase2-live-mode.js	added	181	0	181
app/phase2-livekit-sdk.mjs	added	68	0	68
app/phase2-rooms.css	added	57	0	57
app/phase2-rooms.js	added	399	0	399
app/phase2-security-ui.js	added	69	0	69
app/phase2-ui.css	added	22	0	22
app/phase2-ui.js	added	209	0	209
app/phase2-voice-ui.css	added	22	0	22
app/phase2-voice-ui.js	added	158	0	158
app/phase2-wallet.css	added	18	0	18
app/phase2-wallet.js	added	118	0	118
app/phase3-admin-ui.js	added	91	0	91
app/phase3-transfer-ui.js	added	51	0	51
app/phase4-agencies-ui.js	added	49	0	49
app/phase4-cp-ui.js	added	39	0	39
app/phase4-gift-receipts.js	added	49	0	49
app/phase4-redemption-ui.js	added	55	0	55
app/phase4-reports-ui.js	added	50	0	50
app/phase4-voice-messages-ui.js	added	60	0	60
app/room-ui-enhancements.js	modified	5	1	6
app/royal-visuals.js	modified	4	1	5
assets/audio/gift-chime.wav	added	0	0	0
capacitor.config.ts	added	12	0	12
docs/BETA_READINESS_20261010.md	added	32	0	32
docs/PHASE2_ARCHITECTURE.md	added	61	0	61
docs/PHASE2_PROGRESS_20261010.md	added	130	0	130
docs/PHASE2_REAL_BACKEND_AUDIT_20261010.md	added	79	0	79
docs/PHASE2_VOICE_TOKEN_BRIDGE.md	added	45	0	45
docs/PHASE3_PROGRESS_20261010.md	added	61	0	61
docs/PHASE4_PROGRESS_20261010.md	added	66	0	66
docs/REFERENCE_CATALOG_MIGRATION_20261010.md	added	88	0	88
docs/T01_MIGRATION_RECONCILIATION_20261010.md	added	27	0	27
docs/UI_BASELINE_PHASE1_APPROVED.md	added	64	0	64
docs/evidence/phase3/admin-browser-contract.txt	added	1	0	1
docs/evidence/phase3/browser-contracts.txt	added	9	0	9
docs/evidence/phase3/database-integration.txt	added	10	0	10
docs/evidence/phase3/regression-tests.txt	added	53	0	53
docs/evidence/phase4/catalog-admin-browser.txt	added	2	0	2
docs/evidence/phase4/new-ui-contract.txt	added	1	0	1
docs/evidence/phase4/phase3_admin.json	added	9	0	9
docs/evidence/phase4/phase4_agencies.json	added	9	0	9
docs/evidence/phase4/phase4_cp.json	added	9	0	9
docs/evidence/phase4/phase4_redemption.json	added	9	0	9
docs/evidence/phase4/phase4_reports.json	added	9	0	9
docs/evidence/phase4/phase4_voice_messages.json	added	9	0	9
docs/evidence/phase4/real-e2e-blocked.txt	added	19	0	19
docs/evidence/phase4/unit.txt	added	54	0	54
docs/evidence/phase4/voice-messages-ui-contract.txt	added	1	0	1
e2e/critical-flow.spec.mjs	added	36	0	36
e2e/readiness.mjs	added	8	0	8
package-lock.json	added	1939	0	1939
package.json	added	27	0	27
playwright.config.mjs	added	3	0	3
scripts/build-approved-web.mjs	added	46	0	46
scripts/check-service-readiness.mjs	added	26	0	26
scripts/configure-android-auth.mjs	added	47	0	47
scripts/load-local-env.mjs	added	6	0	6
supabase/functions/phase2-voice-token/deno.json	added	1	0	1
supabase/functions/phase2-voice-token/index.ts	added	85	0	85
supabase/migrations/20261009115627_home_banners.sql	renamed	0	0	0
supabase/migrations/20261009222727_phase2_identity_profiles.sql	added	77	0	77
supabase/migrations/20261009223430_phase2_signup_display_name.sql	added	24	0	24
supabase/migrations/20261009223845_phase2_rooms_chat_seats.sql	added	204	0	204
supabase/migrations/20261009231024_phase2_private_room_invitations.sql	added	90	0	90
supabase/migrations/20261009231117_phase2_private_room_rls_and_chat_race.sql	added	43	0	43
supabase/migrations/20261009231753_phase2_fk_indexes.sql	added	9	0	9
supabase/migrations/20261009235109_phase2_readonly_wallet_foundation.sql	added	61	0	61
supabase/migrations/20261010003152_phase2_actual_mic_mute.sql	added	17	0	17
supabase/migrations/20261010004404_phase2_feedback.sql	added	24	0	24
supabase/migrations/20261010005433_phase2_reference_catalogs.sql	added	110	0	110
supabase/migrations/20261010011419_phase3_financial_core.sql	added	91	0	91
supabase/migrations/20261010011718_phase3_store_operations.sql	added	71	0	71
supabase/migrations/20261010011950_phase3_gift_membership_guard.sql	added	40	0	40
supabase/migrations/20261010012020_phase3_wallet_transfer.sql	added	27	0	27
supabase/migrations/20261010012317_phase3_room_rpc_security.sql	added	22	0	22
supabase/migrations/20261010012843_phase3_admin_catalogs.sql	added	91	0	91
supabase/migrations/20261010012937_phase3_catalog_column_validation.sql	added	27	0	27
supabase/migrations/20261010013049_phase3_catalog_form_schema.sql	added	10	0	10
supabase/migrations/20261010013638_phase3_confirmed_prices.sql	added	31	0	31
supabase/migrations/20261010015119_phase4_diamond_redemption.sql	added	106	0	106
supabase/migrations/20261010015203_phase4_cp_relationships.sql	added	143	0	143
supabase/migrations/20261010015810_phase4_admin_reports.sql	added	26	0	26
supabase/migrations/20261010015845_phase4_report_relationship_state.sql	added	10	0	10
supabase/migrations/20261010020346_phase4_verified_session.sql	added	22	0	22
supabase/migrations/20261010024133_phase4_agencies.sql	added	139	0	139
supabase/migrations/20261010024245_phase4_agency_variable_scope.sql	added	74	0	74
supabase/migrations/20261010024326_phase4_agency_registration_assignment.sql	added	74	0	74
supabase/migrations/20261010025125_phase4_voice_messages.sql	added	61	0	61
supabase/migrations/20261010030849_phase4_treasury_recharge.sql	added	135	0	135
supabase/migrations/20261010031010_phase4_recharge_scope.sql	added	97	0	97
supabase/migrations/20261010031301_phase4_recharge_limits.sql	added	112	0	112
supabase/reference/catalogs.json	added	1270	0	1270
supabase/tests/phase3_admin.sql	added	31	0	31
supabase/tests/phase3_gifts.sql	added	31	0	31
supabase/tests/phase3_rooms.sql	added	22	0	22
supabase/tests/phase3_store.sql	added	28	0	28
supabase/tests/phase3_transfer.sql	added	18	0	18
supabase/tests/phase4_agencies.sql	added	53	0	53
supabase/tests/phase4_cp.sql	added	34	0	34
supabase/tests/phase4_redemption.sql	added	28	0	28
supabase/tests/phase4_reports.sql	added	22	0	22
supabase/tests/phase4_sessions.sql	added	20	0	20
supabase/tests/phase4_voice_messages.sql	added	28	0	28
tests/agency-flow-browser.cjs	modified	1	0	1
tests/frontend-finish-browser.cjs	modified	1	1	2
tests/home-banners.test.cjs	modified	31	1	32
tests/official-auth-layout-browser.cjs	added	81	0	81
tests/phase2-android-root-browser.cjs	added	66	0	66
tests/phase2-auth.test.cjs	added	150	0	150
tests/phase2-browser.cjs	added	211	0	211
tests/phase2-catalog-browser.cjs	added	65	0	65
tests/phase2-catalogs.test.cjs	added	43	0	43
tests/phase2-foundation.test.mjs	added	73	0	73
tests/phase2-native-gate-browser.cjs	added	84	0	84
tests/phase2-private-security.test.cjs	added	38	0	38
tests/phase2-voice-browser.cjs	added	79	0	79
tests/phase2-voice-security.test.cjs	added	35	0	35
tests/phase2-wallet-race.test.cjs	added	21	0	21
tests/phase2-wallet-security.test.cjs	added	29	0	29
tests/phase3-admin-browser.cjs	added	66	0	66
tests/phase4-browser.cjs	added	35	0	35
tests/phase4-voice-messages-browser.cjs	added	27	0	27
tests/royal-browser.cjs	modified	1	1	2
tests/t01-migration-history.test.cjs	added	54	0	54
